Turbidity ,Chroma,pH ,DO,electrical conductivity,UV254,COD,TOC,BOD,nitrate nitrogen,ammonia nitrogen,TN,Nitrogen to phosphorus ratio,Organic carbon nitrogen ratio,Organic carbon to phosphorus ratio,Dissolved oxygen and nitrogen ratio,phosphate,TP,Algal density（×10^5cells/ml), Specific growth rate,Total photosynthetic pigments,Dry cell weight,protein(%),polysaccharide(%),lipid(%),N(%),C(%),H(%),O(%),P(%),N conversion rate(%),P conversion rate(%)
-0.513675783855904,-0.9768518518518519,-0.6333333333333324,-0.2960288808664257,0.8095563139931741,0.9942196531791909,-0.42063612846043036,0.47513316501261543,0.0392156862745098,1.1435395976729945,-0.2704762323353294,1.0574991896670496,0.013003016694498626,-0.4398046151084204,-0.31737456546305526,-0.4165862838670931,1.1866879359939868,0.9543465885350317,1.289271670766329,0.786247930822408,0.9081615655890234,0.1634636304300529,-0.03204365161093774,-0.3175875191742637,6.97,1.5535960651430627,0.18912042672511864,1.1991591594703648,0.04384430342122524,0.22017843964213762,0.0750213048086116,-0.444680616903389
-0.18723593506782304,-0.1574074074074074,0.0666666666666672,-0.04435275915420317,1.3447098976109215,1.4335260115606938,2.06949728514155,1.0698065601345668,-0.27450980392156865,0.5581140006123698,1.5209580838323353,0.6992902344431687,-0.373023511044838,-0.004071628410827635,-0.3272993279035261,-0.29782660590028914,4.109466973788965,3.1184713375796176,-0.46066883847702444,-0.8593097954785032,-0.6857257078131915,-0.8764957574878528,0.06570147515655046,0.07509015794182625,1.898,1.6255773500089972,-0.5053307490314185,-1.729890266048296,-0.3781226574787596,0.9715969424912881,-1.1856831956656566,-0.5686836634708493
-0.13297754058261063,-0.28703703703703703,-0.5222222222222227,-0.5590510572460029,-0.6757679180887372,-0.7861271676300576,-0.9441485310092784,0.006728343145500277,-0.27450980392156865,0.15884884445805275,1.401197604790419,0.0816094078071183,-0.13488805937661194,-0.3004684419169673,-0.29095356687967966,-0.21585978236908196,0.5870667105412807,0.36178343949044567,0.9019196443771686,0.5656655817756208,1.0299401767569807,0.6322430923199651,-0.04503920502731795,0.2638862937380373,3.988,0.6970187752384382,0.44160407008015634,0.9978207606125697,-0.5914844856667589,-0.014324857925874656,-0.10414894234823378,0.797312067038295
-0.3669112741827885,-0.75,-0.7888888888888885,-0.44249613202681787,0.9569965870307168,0.8439306358381503,2.4032871698418004,0.5789739276703112,0.7450980392156863,-0.5172074935701164,-0.2704762323353294,-0.1894465161882894,-0.4237575771759343,1.3804403201525632,-0.25337113923059235,0.031699640007453886,2.3997537559941056,2.013438568152866,-0.46066883847702444,-0.6461633825289618,-0.6857257078131915,-0.9436507360939881,-0.22238209647013485,0.7654760274000046,13.573,0.3207965929098436,-0.48701235794608827,0.8696121709950777,-0.6794316105234205,0.11134448738941977,-1.1856831956656566,-0.18986230604709395
-0.3562374916611074,-0.7129629629629629,0.0,0.2176379577101598,1.677815699658703,-0.27745664739884385,-0.8678537002206498,-0.4339781328847771,-0.27450980392156865,0.3156155315370484,-0.13173652694610785,0.1711616466130884,0.5592455006930037,-0.31281951286061727,-0.09055795959244563,-0.04366984773644239,-0.03365350569981865,-0.08662420382165607,-0.39000544268805437,-0.4942380444400472,-0.06631480256426112,0.5237508158677204,-0.12474850153355746,-0.5624685550471739,0.88145216,-0.5158658747525644,-1.2602374610201403,-1.8987715264695324,-0.44802536929898734,-0.26534523471186944,-0.3105357747009432,0.8911090249925623
-0.5092283744718701,-0.7129629629629629,-0.9722222222222219,-0.5167612171222279,1.1372013651877133,1.4450867052023124,1.1012022517739328,0.9384917298570226,-0.0392156862745098,-0.03882434966319659,0.22229391616766464,0.02563395729047073,-0.43662731402728633,0.24164401486090514,-0.38561484357960557,-0.16398184216038825,10.579235407952506,9.153792807007791,0.04138904784805491,0.2689418532907049,-0.1295509268557341,0.6577706867793168,-0.22238209647013485,-0.6451713624906209,1.587,-0.562653709915422,-1.2602374610201403,0.2631284591969105,-0.6794316105234205,1.0392010526507158,-0.7469775195481914,-0.5073189557821283
-0.2103624638647988,-0.5833333333333334,-0.3999999999999992,0.4631253223310987,0.32627986348122867,-0.9479768786127165,-0.9870643733278819,-0.5517241379310345,-0.3137254901960784,0.5875077544396816,2.4032863209580837,0.8898757683122848,0.9541189176353672,-0.4398046151084204,-0.1902625534416008,-0.2601645458498514,-0.011217835233272917,-0.015286624203821667,-0.1828160464605332,-0.3265451183840996,0.7025637852835774,0.36246283269272606,0.1024603262485973,0.7865041684329964,10.111,0.5314618200467878,0.44208868457015893,1.0528995409897595,-0.1726886530159878,-0.26534523471186944,0.14663579008767066,0.036312099483776485
0.5875027796308651,0.25,0.7333333333333332,0.005157297576070212,-1.6690784982935152,0.554913294797688,1.5926545927126217,0.6459209419680403,-0.0392156862745098,-0.5172074935701164,-0.251497005988024,-0.5659221650975891,-0.42088284277012256,3.4785841288501835,1.2523130205717865,2.4851324107695794,-0.0860034034550921,-0.21910828025477708,-0.442405671507943,-0.8593097954785032,-0.6857257078131915,-0.9414750888389298,-0.12290970916258707,0.8709014935937327,0.766911726,-0.825385399676084,-0.019021080932762197,-0.3205214740437313,0.3180090821274114,0.15733793721627942,-0.600407608905443,-0.4120189040297161
